date,tariff_story_count
2023-01-03,"{'relevant': 7741, 'total': 940008}"
2023-01-04,"{'relevant': 8491, 'total': 989967}"
2023-01-05,"{'relevant': 8681, 'total': 959934}"
2023-01-06,"{'relevant': 6559, 'total': 784241}"
2023-01-07,"{'relevant': 4407, 'total': 659136}"
2023-01-08,"{'relevant': 6660, 'total': 837421}"
2023-01-09,"{'relevant': 9310, 'total': 1035114}"
2023-01-10,"{'relevant': 9534, 'total': 1074692}"
2023-01-11,"{'relevant': 9621, 'total': 1081886}"
2023-01-12,"{'relevant': 9004, 'total': 1014843}"
2023-01-13,"{'relevant': 6268, 'total': 811555}"
2023-01-14,"{'relevant': 4693, 'total': 634339}"
2023-01-15,"{'relevant': 5907, 'total': 772530}"
2023-01-16,"{'relevant': 8099, 'total': 968989}"
2023-01-17,"{'relevant': 9226, 'total': 1032233}"
2023-01-18,"{'relevant': 9274, 'total': 1041775}"
2023-01-19,"{'relevant': 9261, 'total': 1001452}"
2023-01-20,"{'relevant': 7245, 'total': 809251}"
2023-01-21,"{'relevant': 5078, 'total': 636929}"
2023-01-22,"{'relevant': 6385, 'total': 786003}"
2023-01-23,"{'relevant': 8797, 'total': 977968}"
2023-01-24,"{'relevant': 9352, 'total': 1017309}"
2023-01-25,"{'relevant': 9488, 'total': 1018576}"
2023-01-26,"{'relevant': 9543, 'total': 982880}"
2023-01-27,"{'relevant': 7887, 'total': 805221}"
2023-01-28,"{'relevant': 5851, 'total': 664356}"
2023-01-29,"{'relevant': 7595, 'total': 835753}"
2023-01-30,"{'relevant': 10153, 'total': 1019407}"
2023-01-31,"{'relevant': 10721, 'total': 1066621}"
2023-02-01,"{'relevant': 10449, 'total': 1066870}"
2023-02-02,"{'relevant': 8530, 'total': 1000409}"
2023-02-03,"{'relevant': 6147, 'total': 815819}"
2023-02-04,"{'relevant': 4659, 'total': 650001}"
2023-02-05,"{'relevant': 6500, 'total': 803311}"
2023-02-06,"{'relevant': 8776, 'total': 999207}"
2023-02-07,"{'relevant': 9090, 'total': 1036605}"
2023-02-08,"{'relevant': 9047, 'total': 1047093}"
2023-02-09,"{'relevant': 8403, 'total': 1010379}"
2023-02-10,"{'relevant': 6317, 'total': 811901}"
2023-02-11,"{'relevant': 4528, 'total': 636733}"
2023-02-12,"{'relevant': 5851, 'total': 800042}"
2023-02-13,"{'relevant': 7267, 'total': 996168}"
2023-02-14,"{'relevant': 7595, 'total': 1028889}"
2023-02-15,"{'relevant': 8505, 'total': 1036617}"
2023-02-16,"{'relevant': 8550, 'total': 1003717}"
2023-02-17,"{'relevant': 6061, 'total': 805551}"
2023-02-18,"{'relevant': 4055, 'total': 632028}"
2023-02-19,"{'relevant': 5228, 'total': 754780}"
2023-02-20,"{'relevant': 7487, 'total': 923222}"
2023-02-21,"{'relevant': 8846, 'total': 981331}"
2023-02-22,"{'relevant': 9496, 'total': 998203}"
2023-02-23,"{'relevant': 9206, 'total': 967994}"
2023-02-24,"{'relevant': 6777, 'total': 795333}"
2023-02-25,"{'relevant': 4290, 'total': 631171}"
2023-02-26,"{'relevant': 5755, 'total': 782629}"
2023-02-27,"{'relevant': 8265, 'total': 975795}"
2023-02-28,"{'relevant': 9211, 'total': 1015263}"
2023-03-01,"{'relevant': 9776, 'total': 1025049}"
2023-03-02,"{'relevant': 8542, 'total': 988731}"
2023-03-03,"{'relevant': 5550, 'total': 797159}"
2023-03-04,"{'relevant': 3821, 'total': 625931}"
2023-03-05,"{'relevant': 6061, 'total': 783988}"
2023-03-06,"{'relevant': 8361, 'total': 968269}"
2023-03-07,"{'relevant': 8111, 'total': 970486}"
2023-03-08,"{'relevant': 8008, 'total': 980081}"
2023-03-09,"{'relevant': 8024, 'total': 975579}"
2023-03-10,"{'relevant': 6331, 'total': 787092}"
2023-03-11,"{'relevant': 4512, 'total': 626128}"
2023-03-12,"{'relevant': 5891, 'total': 796821}"
2023-03-13,"{'relevant': 7543, 'total': 985441}"
2023-03-14,"{'relevant': 8415, 'total': 1015045}"
2023-03-15,"{'relevant': 9458, 'total': 1028001}"
2023-03-16,"{'relevant': 9346, 'total': 993187}"
2023-03-17,"{'relevant': 7017, 'total': 789908}"
2023-03-18,"{'relevant': 4806, 'total': 613985}"
2023-03-19,"{'relevant': 6556, 'total': 775337}"
2023-03-20,"{'relevant': 8742, 'total': 960037}"
2023-03-21,"{'relevant': 8786, 'total': 990096}"
2023-03-22,"{'relevant': 8521, 'total': 997989}"
2023-03-23,"{'relevant': 8515, 'total': 956962}"
2023-03-24,"{'relevant': 6399, 'total': 772176}"
2023-03-25,"{'relevant': 4249, 'total': 608864}"
2023-03-26,"{'relevant': 6179, 'total': 774810}"
2023-03-27,"{'relevant': 8439, 'total': 966491}"
2023-03-28,"{'relevant': 8822, 'total': 988357}"
2023-03-29,"{'relevant': 8436, 'total': 918205}"
2023-03-30,"{'relevant': 9186, 'total': 870512}"
2023-03-31,"{'relevant': 7683, 'total': 765378}"
2023-04-01,"{'relevant': 4890, 'total': 624698}"
2023-04-02,"{'relevant': 6580, 'total': 785932}"
2023-04-03,"{'relevant': 8132, 'total': 963945}"
2023-04-04,"{'relevant': 8239, 'total': 975623}"
2023-04-05,"{'relevant': 8559, 'total': 947540}"
2023-04-06,"{'relevant': 7419, 'total': 848359}"
2023-04-07,"{'relevant': 5229, 'total': 679913}"
2023-04-08,"{'relevant': 3963, 'total': 564424}"
2023-04-09,"{'relevant': 4938, 'total': 679264}"
2023-04-10,"{'relevant': 7322, 'total': 883284}"
2023-04-11,"{'relevant': 9192, 'total': 966438}"
2023-04-12,"{'relevant': 9790, 'total': 979022}"
2023-04-13,"{'relevant': 8604, 'total': 947008}"
2023-04-14,"{'relevant': 5950, 'total': 760909}"
2023-04-15,"{'relevant': 4496, 'total': 598367}"
2023-04-16,"{'relevant': 6255, 'total': 743921}"
2023-04-17,"{'relevant': 8795, 'total': 937397}"
2023-04-18,"{'relevant': 9096, 'total': 982678}"
2023-04-19,"{'relevant': 8572, 'total': 1000173}"
2023-04-20,"{'relevant': 8453, 'total': 947221}"
2023-04-21,"{'relevant': 6681, 'total': 733252}"
2023-04-22,"{'relevant': 4723, 'total': 576407}"
2023-04-23,"{'relevant': 6042, 'total': 738451}"
2023-04-24,"{'relevant': 7806, 'total': 931209}"
2023-04-25,"{'relevant': 9289, 'total': 977700}"
2023-04-26,"{'relevant': 9947, 'total': 1002921}"
2023-04-27,"{'relevant': 8742, 'total': 981189}"
2023-04-28,"{'relevant': 6572, 'total': 789985}"
2023-04-29,"{'relevant': 4691, 'total': 604151}"
2023-04-30,"{'relevant': 5806, 'total': 674362}"
2023-05-01,"{'relevant': 8307, 'total': 855263}"
2023-05-02,"{'relevant': 10100, 'total': 969348}"
2023-05-03,"{'relevant': 11005, 'total': 992848}"
2023-05-04,"{'relevant': 10655, 'total': 959981}"
2023-05-05,"{'relevant': 8598, 'total': 781747}"
2023-05-06,"{'relevant': 6128, 'total': 623637}"
2023-05-07,"{'relevant': 6584, 'total': 765673}"
2023-05-08,"{'relevant': 8680, 'total': 949030}"
2023-05-09,"{'relevant': 9640, 'total': 1009010}"
2023-05-10,"{'relevant': 9789, 'total': 1020059}"
2023-05-11,"{'relevant': 9402, 'total': 975323}"
2023-05-12,"{'relevant': 6735, 'total': 765887}"
2023-05-13,"{'relevant': 4184, 'total': 537449}"
2023-05-14,"{'relevant': 6547, 'total': 723973}"
2023-05-15,"{'relevant': 9289, 'total': 985439}"
2023-05-16,"{'relevant': 9474, 'total': 1024709}"
2023-05-17,"{'relevant': 9574, 'total': 1008020}"
2023-05-18,"{'relevant': 9738, 'total': 967781}"
2023-05-19,"{'relevant': 7040, 'total': 789828}"
2023-05-20,"{'relevant': 4335, 'total': 619480}"
2023-05-21,"{'relevant': 5644, 'total': 784528}"
2023-05-22,"{'relevant': 7508, 'total': 981358}"
2023-05-23,"{'relevant': 8355, 'total': 1017684}"
2023-05-24,"{'relevant': 9097, 'total': 1021638}"
2023-05-25,"{'relevant': 8989, 'total': 982973}"
2023-05-26,"{'relevant': 6487, 'total': 791797}"
2023-05-27,"{'relevant': 4365, 'total': 626595}"
2023-05-28,"{'relevant': 5829, 'total': 733393}"
2023-05-29,"{'relevant': 7781, 'total': 914278}"
2023-05-30,"{'relevant': 8935, 'total': 1004102}"
2023-05-31,"{'relevant': 9413, 'total': 1031829}"
2023-06-01,"{'relevant': 8390, 'total': 991165}"
2023-06-02,"{'relevant': 5716, 'total': 787361}"
2023-06-03,"{'relevant': 4068, 'total': 618642}"
2023-06-04,"{'relevant': 6426, 'total': 780823}"
2023-06-05,"{'relevant': 8424, 'total': 975418}"
2023-06-06,"{'relevant': 8591, 'total': 1008940}"
2023-06-07,"{'relevant': 8120, 'total': 997103}"
2023-06-08,"{'relevant': 7413, 'total': 954922}"
2023-06-09,"{'relevant': 5806, 'total': 778981}"
2023-06-10,"{'relevant': 4220, 'total': 610667}"
2023-06-11,"{'relevant': 6332, 'total': 770837}"
2023-06-12,"{'relevant': 8881, 'total': 976764}"
2023-06-13,"{'relevant': 9155, 'total': 1020744}"
2023-06-14,"{'relevant': 8688, 'total': 1025640}"
2023-06-15,"{'relevant': 8279, 'total': 991725}"
2023-06-16,"{'relevant': 6388, 'total': 793122}"
2023-06-17,"{'relevant': 4309, 'total': 611574}"
2023-06-18,"{'relevant': 5242, 'total': 752791}"
2023-06-19,"{'relevant': 7558, 'total': 956807}"
2023-06-20,"{'relevant': 8559, 'total': 1013586}"
2023-06-21,"{'relevant': 8777, 'total': 1012513}"
2023-06-22,"{'relevant': 8784, 'total': 963561}"
2023-06-23,"{'relevant': 6535, 'total': 773818}"
2023-06-24,"{'relevant': 4316, 'total': 605229}"
2023-06-25,"{'relevant': 5959, 'total': 760974}"
2023-06-26,"{'relevant': 9162, 'total': 955065}"
2023-06-27,"{'relevant': 9978, 'total': 975476}"
2023-06-28,"{'relevant': 9208, 'total': 963404}"
2023-06-29,"{'relevant': 8165, 'total': 933368}"
2023-06-30,"{'relevant': 6036, 'total': 760623}"
2023-07-01,"{'relevant': 4439, 'total': 587988}"
2023-07-02,"{'relevant': 5291, 'total': 730554}"
2023-07-03,"{'relevant': 6203, 'total': 901761}"
2023-07-04,"{'relevant': 7354, 'total': 956989}"
2023-07-05,"{'relevant': 8411, 'total': 994495}"
2023-07-06,"{'relevant': 7904, 'total': 956692}"
2023-07-07,"{'relevant': 5919, 'total': 768745}"
2023-07-08,"{'relevant': 4262, 'total': 596557}"
2023-07-09,"{'relevant': 5946, 'total': 745613}"
2023-07-10,"{'relevant': 8279, 'total': 947219}"
2023-07-11,"{'relevant': 10175, 'total': 988148}"
2023-07-12,"{'relevant': 10414, 'total': 984275}"
2023-07-13,"{'relevant': 8857, 'total': 938691}"
2023-07-14,"{'relevant': 6481, 'total': 750229}"
2023-07-15,"{'relevant': 4630, 'total': 589329}"
2023-07-16,"{'relevant': 6061, 'total': 740916}"
2023-07-17,"{'relevant': 8488, 'total': 941767}"
2023-07-18,"{'relevant': 9459, 'total': 976668}"
2023-07-19,"{'relevant': 8826, 'total': 963844}"
2023-07-20,"{'relevant': 7518, 'total': 931242}"
2023-07-21,"{'relevant': 5725, 'total': 754447}"
2023-07-22,"{'relevant': 4331, 'total': 592577}"
2023-07-23,"{'relevant': 5893, 'total': 745736}"
2023-07-24,"{'relevant': 7879, 'total': 934523}"
2023-07-25,"{'relevant': 9191, 'total': 972851}"
2023-07-26,"{'relevant': 9764, 'total': 979417}"
2023-07-27,"{'relevant': 8693, 'total': 947650}"
2023-07-28,"{'relevant': 6005, 'total': 759222}"
2023-07-29,"{'relevant': 4010, 'total': 583448}"
2023-07-30,"{'relevant': 6086, 'total': 739851}"
2023-07-31,"{'relevant': 8034, 'total': 933570}"
2023-08-01,"{'relevant': 8497, 'total': 955130}"
2023-08-02,"{'relevant': 8674, 'total': 955152}"
2023-08-03,"{'relevant': 7878, 'total': 926436}"
2023-08-04,"{'relevant': 5760, 'total': 749100}"
2023-08-05,"{'relevant': 3952, 'total': 588072}"
2023-08-06,"{'relevant': 5520, 'total': 727940}"
2023-08-07,"{'relevant': 7687, 'total': 909730}"
2023-08-08,"{'relevant': 8713, 'total': 947833}"
2023-08-09,"{'relevant': 8557, 'total': 954524}"
2023-08-10,"{'relevant': 7569, 'total': 915747}"
2023-08-11,"{'relevant': 5934, 'total': 741747}"
2023-08-12,"{'relevant': 4126, 'total': 590019}"
2023-08-13,"{'relevant': 6281, 'total': 727965}"
2023-08-14,"{'relevant': 8899, 'total': 910885}"
2023-08-15,"{'relevant': 8468, 'total': 939482}"
2023-08-16,"{'relevant': 8373, 'total': 943751}"
2023-08-17,"{'relevant': 9381, 'total': 925059}"
2023-08-18,"{'relevant': 7386, 'total': 763657}"
2023-08-19,"{'relevant': 4651, 'total': 614461}"
2023-08-20,"{'relevant': 6191, 'total': 738750}"
2023-08-21,"{'relevant': 8255, 'total': 839089}"
2023-08-22,"{'relevant': 7730, 'total': 771474}"
2023-08-23,"{'relevant': 7719, 'total': 873422}"
2023-08-24,"{'relevant': 7986, 'total': 959356}"
2023-08-25,"{'relevant': 6326, 'total': 765240}"
2023-08-26,"{'relevant': 5178, 'total': 604675}"
2023-08-27,"{'relevant': 6809, 'total': 744529}"
2023-08-28,"{'relevant': 8656, 'total': 930503}"
2023-08-29,"{'relevant': 9004, 'total': 972132}"
2023-08-30,"{'relevant': 8754, 'total': 988290}"
2023-08-31,"{'relevant': 7892, 'total': 974813}"
2023-09-01,"{'relevant': 6247, 'total': 790026}"
2023-09-02,"{'relevant': 4482, 'total': 624721}"
2023-09-03,"{'relevant': 5016, 'total': 746929}"
2023-09-04,"{'relevant': 7671, 'total': 928589}"
2023-09-05,"{'relevant': 9139, 'total': 1003998}"
2023-09-06,"{'relevant': 9067, 'total': 998946}"
2023-09-07,"{'relevant': 8704, 'total': 951889}"
2023-09-08,"{'relevant': 6285, 'total': 784868}"
2023-09-09,"{'relevant': 4557, 'total': 634247}"
2023-09-10,"{'relevant': 6209, 'total': 787789}"
2023-09-11,"{'relevant': 8181, 'total': 975902}"
2023-09-12,"{'relevant': 9549, 'total': 1014101}"
2023-09-13,"{'relevant': 9354, 'total': 1016976}"
2023-09-14,"{'relevant': 8120, 'total': 981633}"
2023-09-15,"{'relevant': 6111, 'total': 790601}"
2023-09-16,"{'relevant': 4385, 'total': 620851}"
2023-09-17,"{'relevant': 6153, 'total': 775092}"
2023-09-18,"{'relevant': 8060, 'total': 969971}"
2023-09-19,"{'relevant': 8461, 'total': 1022108}"
2023-09-20,"{'relevant': 8415, 'total': 1030536}"
2023-09-21,"{'relevant': 8393, 'total': 984292}"
2023-09-22,"{'relevant': 6870, 'total': 789239}"
2023-09-23,"{'relevant': 4706, 'total': 595180}"
2023-09-24,"{'relevant': 6247, 'total': 750623}"
2023-09-25,"{'relevant': 8345, 'total': 965171}"
2023-09-26,"{'relevant': 8396, 'total': 998992}"
2023-09-27,"{'relevant': 8620, 'total': 993409}"
2023-09-28,"{'relevant': 8994, 'total': 935575}"
2023-09-29,"{'relevant': 7296, 'total': 763163}"
2023-09-30,"{'relevant': 4977, 'total': 607261}"
2023-10-01,"{'relevant': 5470, 'total': 740812}"
2023-10-02,"{'relevant': 6616, 'total': 855148}"
2023-10-03,"{'relevant': 6902, 'total': 820933}"
2023-10-04,"{'relevant': 7091, 'total': 865083}"
2023-10-05,"{'relevant': 6759, 'total': 828005}"
2023-10-06,"{'relevant': 5649, 'total': 629067}"
2023-10-07,"{'relevant': 4815, 'total': 560937}"
2023-10-08,"{'relevant': 5585, 'total': 750579}"
2023-10-09,"{'relevant': 7136, 'total': 931669}"
2023-10-10,"{'relevant': 8228, 'total': 993931}"
2023-10-11,"{'relevant': 8573, 'total': 990297}"
2023-10-12,"{'relevant': 9385, 'total': 955287}"
2023-10-13,"{'relevant': 7489, 'total': 778357}"
2023-10-14,"{'relevant': 3862, 'total': 539609}"
2023-10-15,"{'relevant': 4846, 'total': 608218}"
2023-10-16,"{'relevant': 6380, 'total': 733242}"
2023-10-17,"{'relevant': 6710, 'total': 809213}"
2023-10-18,"{'relevant': 7121, 'total': 779582}"
2023-10-19,"{'relevant': 7569, 'total': 774245}"
2023-10-20,"{'relevant': 6357, 'total': 749991}"
2023-10-21,"{'relevant': 4584, 'total': 596408}"
2023-10-22,"{'relevant': 6860, 'total': 710891}"
2023-10-23,"{'relevant': 8621, 'total': 832179}"
2023-10-24,"{'relevant': 8148, 'total': 796989}"
2023-10-25,"{'relevant': 7739, 'total': 755623}"
2023-10-26,"{'relevant': 7421, 'total': 850720}"
2023-10-27,"{'relevant': 5687, 'total': 715399}"
2023-10-28,"{'relevant': 3918, 'total': 519754}"
2023-10-29,"{'relevant': 4494, 'total': 604845}"
2023-10-30,"{'relevant': 6632, 'total': 780303}"
2023-10-31,"{'relevant': 7797, 'total': 860987}"
2023-11-01,"{'relevant': 6626, 'total': 719695}"
2023-11-02,"{'relevant': 6304, 'total': 666380}"
2023-11-03,"{'relevant': 4972, 'total': 570414}"
2023-11-04,"{'relevant': 3358, 'total': 456218}"
2023-11-05,"{'relevant': 5556, 'total': 532787}"
2023-11-06,"{'relevant': 8013, 'total': 643531}"
2023-11-07,"{'relevant': 7773, 'total': 744549}"
2023-11-08,"{'relevant': 7943, 'total': 872512}"
2023-11-09,"{'relevant': 9807, 'total': 973650}"
2023-11-10,"{'relevant': 9098, 'total': 868809}"
2023-11-11,"{'relevant': 6998, 'total': 716584}"
2023-11-12,"{'relevant': 8266, 'total': 849776}"
2023-11-13,"{'relevant': 10508, 'total': 1037735}"
2023-11-14,"{'relevant': 11065, 'total': 1064056}"
2023-11-15,"{'relevant': 11536, 'total': 1060306}"
2023-11-16,"{'relevant': 11114, 'total': 1046156}"
2023-11-17,"{'relevant': 8344, 'total': 892433}"
2023-11-18,"{'relevant': 7180, 'total': 721149}"
2023-11-19,"{'relevant': 8114, 'total': 836355}"
2023-11-20,"{'relevant': 8762, 'total': 982792}"
2023-11-21,"{'relevant': 9797, 'total': 1063493}"
2023-11-22,"{'relevant': 9408, 'total': 1080842}"
2023-11-23,"{'relevant': 8658, 'total': 975774}"
2023-11-24,"{'relevant': 7120, 'total': 805194}"
2023-11-25,"{'relevant': 5043, 'total': 690936}"
2023-11-26,"{'relevant': 6246, 'total': 850863}"
2023-11-27,"{'relevant': 8543, 'total': 1031502}"
2023-11-28,"{'relevant': 9364, 'total': 1084112}"
2023-11-29,"{'relevant': 9580, 'total': 1112936}"
2023-11-30,"{'relevant': 9047, 'total': 1082000}"
2023-12-01,"{'relevant': 6879, 'total': 891612}"
2023-12-02,"{'relevant': 5291, 'total': 716496}"
2023-12-03,"{'relevant': 6550, 'total': 855132}"
2023-12-04,"{'relevant': 8122, 'total': 948193}"
2023-12-05,"{'relevant': 9519, 'total': 887199}"
2023-12-06,"{'relevant': 10490, 'total': 891881}"
2023-12-07,"{'relevant': 9964, 'total': 871058}"
2023-12-08,"{'relevant': 7834, 'total': 733085}"
2023-12-09,"{'relevant': 5327, 'total': 608095}"
2023-12-10,"{'relevant': 6926, 'total': 733923}"
2023-12-11,"{'relevant': 9132, 'total': 885951}"
2023-12-12,"{'relevant': 9622, 'total': 918037}"
2023-12-13,"{'relevant': 10371, 'total': 921332}"
2023-12-14,"{'relevant': 10261, 'total': 892166}"
2023-12-15,"{'relevant': 7591, 'total': 734573}"
2023-12-16,"{'relevant': 4606, 'total': 588882}"
2023-12-17,"{'relevant': 5945, 'total': 722096}"
2023-12-18,"{'relevant': 8570, 'total': 874807}"
2023-12-19,"{'relevant': 9841, 'total': 895147}"
2023-12-20,"{'relevant': 9342, 'total': 892371}"
2023-12-21,"{'relevant': 8682, 'total': 848217}"
2023-12-22,"{'relevant': 7300, 'total': 693397}"
2023-12-23,"{'relevant': 5319, 'total': 538497}"
2023-12-24,"{'relevant': 4907, 'total': 516348}"
2023-12-25,"{'relevant': 5280, 'total': 596967}"
2023-12-26,"{'relevant': 8291, 'total': 720152}"
2023-12-27,"{'relevant': 9920, 'total': 776308}"
2023-12-28,"{'relevant': 8269, 'total': 759260}"
2023-12-29,"{'relevant': 6270, 'total': 645301}"
2023-12-30,"{'relevant': 5226, 'total': 530042}"
2023-12-31,"{'relevant': 5378, 'total': 705938}"
2024-01-01,"{'relevant': 6273, 'total': 808244}"
2024-01-02,"{'relevant': 6374, 'total': 690434}"
2024-01-03,"{'relevant': 4066, 'total': 439389}"
2024-01-04,"{'relevant': 5566, 'total': 484229}"
2024-01-05,"{'relevant': 7122, 'total': 659142}"
2024-01-06,"{'relevant': 5606, 'total': 571389}"
2024-01-07,"{'relevant': 7698, 'total': 701968}"
2024-01-08,"{'relevant': 9720, 'total': 844684}"
2024-01-09,"{'relevant': 9739, 'total': 886354}"
2024-01-10,"{'relevant': 9347, 'total': 906592}"
2024-01-11,"{'relevant': 9651, 'total': 886525}"
2024-01-12,"{'relevant': 7828, 'total': 726715}"
2024-01-13,"{'relevant': 5651, 'total': 584315}"
2024-01-14,"{'relevant': 7009, 'total': 686106}"
2024-01-15,"{'relevant': 8189, 'total': 839224}"
2024-01-16,"{'relevant': 9401, 'total': 898894}"
2024-01-17,"{'relevant': 10120, 'total': 910198}"
2024-01-18,"{'relevant': 8777, 'total': 875200}"
2024-01-19,"{'relevant': 6531, 'total': 708692}"
2024-01-20,"{'relevant': 5116, 'total': 574386}"
2024-01-21,"{'relevant': 6022, 'total': 705352}"
2024-01-22,"{'relevant': 8218, 'total': 865148}"
2024-01-23,"{'relevant': 9519, 'total': 902894}"
2024-01-24,"{'relevant': 9664, 'total': 896598}"
2024-01-25,"{'relevant': 9220, 'total': 864307}"
2024-01-26,"{'relevant': 6902, 'total': 711951}"
2024-01-27,"{'relevant': 5477, 'total': 577515}"
2024-01-28,"{'relevant': 7454, 'total': 710169}"
2024-01-29,"{'relevant': 9196, 'total': 867858}"
2024-01-30,"{'relevant': 9046, 'total': 898655}"
2024-01-31,"{'relevant': 8812, 'total': 919877}"
2024-02-01,"{'relevant': 8447, 'total': 898418}"
2024-02-02,"{'relevant': 6152, 'total': 730403}"
2024-02-03,"{'relevant': 4668, 'total': 584879}"
2024-02-04,"{'relevant': 7533, 'total': 710354}"
2024-02-05,"{'relevant': 11979, 'total': 878573}"
2024-02-06,"{'relevant': 12524, 'total': 924243}"
2024-02-07,"{'relevant': 10946, 'total': 932967}"
2024-02-08,"{'relevant': 9988, 'total': 887413}"
2024-02-09,"{'relevant': 7506, 'total': 733987}"
2024-02-10,"{'relevant': 6182, 'total': 596091}"
2024-02-11,"{'relevant': 8782, 'total': 695512}"
2024-02-12,"{'relevant': 10942, 'total': 843978}"
2024-02-13,"{'relevant': 10877, 'total': 888320}"
2024-02-14,"{'relevant': 10405, 'total': 893441}"
2024-02-15,"{'relevant': 9675, 'total': 876137}"
2024-02-16,"{'relevant': 7827, 'total': 740811}"
2024-02-17,"{'relevant': 5984, 'total': 587632}"
2024-02-18,"{'relevant': 6476, 'total': 685369}"
2024-02-19,"{'relevant': 8150, 'total': 849303}"
2024-02-20,"{'relevant': 9236, 'total': 906914}"
2024-02-21,"{'relevant': 9220, 'total': 927928}"
2024-02-22,"{'relevant': 8645, 'total': 887825}"
2024-02-23,"{'relevant': 7046, 'total': 719847}"
2024-02-24,"{'relevant': 5566, 'total': 591253}"
2024-02-25,"{'relevant': 7501, 'total': 721003}"
2024-02-26,"{'relevant': 9834, 'total': 878473}"
2024-02-27,"{'relevant': 10784, 'total': 901233}"
2024-02-28,"{'relevant': 11765, 'total': 934635}"
2024-02-29,"{'relevant': 10633, 'total': 938255}"
2024-03-01,"{'relevant': 7437, 'total': 766355}"
2024-03-02,"{'relevant': 5546, 'total': 605972}"
2024-03-03,"{'relevant': 7018, 'total': 726286}"
2024-03-04,"{'relevant': 9383, 'total': 888939}"
2024-03-05,"{'relevant': 10313, 'total': 922226}"
2024-03-06,"{'relevant': 9940, 'total': 930450}"
2024-03-07,"{'relevant': 9233, 'total': 909835}"
2024-03-08,"{'relevant': 7570, 'total': 755508}"
2024-03-09,"{'relevant': 6008, 'total': 610841}"
2024-03-10,"{'relevant': 8501, 'total': 734900}"
2024-03-11,"{'relevant': 10471, 'total': 889497}"
2024-03-12,"{'relevant': 9939, 'total': 922507}"
2024-03-13,"{'relevant': 10569, 'total': 961656}"
2024-03-14,"{'relevant': 10644, 'total': 934628}"
2024-03-15,"{'relevant': 7856, 'total': 743905}"
2024-03-16,"{'relevant': 5518, 'total': 590728}"
2024-03-17,"{'relevant': 6915, 'total': 689297}"
2024-03-18,"{'relevant': 9167, 'total': 840269}"
2024-03-19,"{'relevant': 10130, 'total': 890788}"
2024-03-20,"{'relevant': 10001, 'total': 910963}"
2024-03-21,"{'relevant': 12842, 'total': 895208}"
2024-03-22,"{'relevant': 11374, 'total': 739713}"
2024-03-23,"{'relevant': 6481, 'total': 586746}"
2024-03-24,"{'relevant': 7013, 'total': 694433}"
2024-03-25,"{'relevant': 8539, 'total': 850721}"
2024-03-26,"{'relevant': 9303, 'total': 884268}"
2024-03-27,"{'relevant': 9535, 'total': 873390}"
2024-03-28,"{'relevant': 8786, 'total': 793191}"
2024-03-29,"{'relevant': 6570, 'total': 646333}"
2024-03-30,"{'relevant': 5164, 'total': 545804}"
2024-03-31,"{'relevant': 5915, 'total': 640032}"
2024-04-01,"{'relevant': 7335, 'total': 802651}"
2024-04-02,"{'relevant': 8454, 'total': 874130}"
2024-04-03,"{'relevant': 8484, 'total': 890801}"
2024-04-04,"{'relevant': 8259, 'total': 869884}"
2024-04-05,"{'relevant': 7004, 'total': 727055}"
2024-04-06,"{'relevant': 5158, 'total': 581989}"
2024-04-07,"{'relevant': 6075, 'total': 683295}"
2024-04-08,"{'relevant': 7868, 'total': 820570}"
2024-04-09,"{'relevant': 8381, 'total': 846149}"
2024-04-10,"{'relevant': 8300, 'total': 857186}"
2024-04-11,"{'relevant': 8269, 'total': 847312}"
2024-04-12,"{'relevant': 6308, 'total': 710194}"
2024-04-13,"{'relevant': 4412, 'total': 586516}"
2024-04-14,"{'relevant': 6375, 'total': 702825}"
2024-04-15,"{'relevant': 8352, 'total': 840918}"
2024-04-16,"{'relevant': 9122, 'total': 874884}"
2024-04-17,"{'relevant': 10133, 'total': 895489}"
2024-04-18,"{'relevant': 10180, 'total': 891375}"
2024-04-19,"{'relevant': 9860, 'total': 739175}"
2024-04-20,"{'relevant': 7900, 'total': 605526}"
2024-04-21,"{'relevant': 7915, 'total': 763367}"
2024-04-22,"{'relevant': 9472, 'total': 937125}"
2024-04-23,"{'relevant': 9713, 'total': 975573}"
2024-04-24,"{'relevant': 10218, 'total': 993703}"
2024-04-25,"{'relevant': 10254, 'total': 956319}"
2024-04-26,"{'relevant': 7969, 'total': 779621}"
2024-04-27,"{'relevant': 4960, 'total': 617423}"
2024-04-28,"{'relevant': 6150, 'total': 737570}"
2024-04-29,"{'relevant': 9357, 'total': 910733}"
2024-04-30,"{'relevant': 9856, 'total': 876571}"
2024-05-01,"{'relevant': 8820, 'total': 864464}"
2024-05-02,"{'relevant': 8139, 'total': 893184}"
2024-05-03,"{'relevant': 6344, 'total': 742351}"
2024-05-04,"{'relevant': 4754, 'total': 598183}"
2024-05-05,"{'relevant': 6309, 'total': 722893}"
2024-05-06,"{'relevant': 8834, 'total': 898760}"
2024-05-07,"{'relevant': 9352, 'total': 944641}"
2024-05-08,"{'relevant': 9194, 'total': 933222}"
2024-05-09,"{'relevant': 9260, 'total': 904000}"
2024-05-10,"{'relevant': 7467, 'total': 769570}"
2024-05-11,"{'relevant': 5786, 'total': 626044}"
2024-05-12,"{'relevant': 8136, 'total': 770644}"
2024-05-13,"{'relevant': 11528, 'total': 957781}"
2024-05-14,"{'relevant': 12254, 'total': 990009}"
2024-05-15,"{'relevant': 11885, 'total': 993923}"
2024-05-16,"{'relevant': 13060, 'total': 968402}"
2024-05-17,"{'relevant': 10567, 'total': 794892}"
2024-05-18,"{'relevant': 6986, 'total': 633036}"
2024-05-19,"{'relevant': 9070, 'total': 764523}"
2024-05-20,"{'relevant': 11053, 'total': 940704}"
2024-05-21,"{'relevant': 10919, 'total': 979508}"
2024-05-22,"{'relevant': 11150, 'total': 981403}"
2024-05-23,"{'relevant': 11228, 'total': 938189}"
2024-05-24,"{'relevant': 8785, 'total': 762830}"
2024-05-25,"{'relevant': 5960, 'total': 609904}"
2024-05-26,"{'relevant': 6679, 'total': 715775}"
2024-05-27,"{'relevant': 8652, 'total': 889844}"
2024-05-28,"{'relevant': 9694, 'total': 955860}"
2024-05-29,"{'relevant': 9614, 'total': 946429}"
2024-05-30,"{'relevant': 9182, 'total': 912316}"
2024-05-31,"{'relevant': 7638, 'total': 767922}"
2024-06-01,"{'relevant': 6053, 'total': 622064}"
2024-06-02,"{'relevant': 7656, 'total': 756859}"
2024-06-03,"{'relevant': 9722, 'total': 928403}"
2024-06-04,"{'relevant': 9862, 'total': 959512}"
2024-06-05,"{'relevant': 10266, 'total': 974174}"
2024-06-06,"{'relevant': 10549, 'total': 950882}"
2024-06-07,"{'relevant': 8097, 'total': 772932}"
2024-06-08,"{'relevant': 5827, 'total': 627213}"
2024-06-09,"{'relevant': 6972, 'total': 763110}"
2024-06-10,"{'relevant': 9155, 'total': 930405}"
2024-06-11,"{'relevant': 10931, 'total': 960726}"
2024-06-12,"{'relevant': 11810, 'total': 952086}"
2024-06-13,"{'relevant': 12022, 'total': 926070}"
2024-06-14,"{'relevant': 10558, 'total': 761999}"
2024-06-15,"{'relevant': 8304, 'total': 599040}"
2024-06-16,"{'relevant': 8939, 'total': 718324}"
2024-06-17,"{'relevant': 10292, 'total': 892565}"
2024-06-18,"{'relevant': 9704, 'total': 926349}"
2024-06-19,"{'relevant': 9718, 'total': 935245}"
2024-06-20,"{'relevant': 10022, 'total': 916991}"
2024-06-21,"{'relevant': 7990, 'total': 749533}"
2024-06-22,"{'relevant': 6325, 'total': 604941}"
2024-06-23,"{'relevant': 8656, 'total': 745076}"
2024-06-24,"{'relevant': 11869, 'total': 929157}"
2024-06-25,"{'relevant': 12381, 'total': 973565}"
2024-06-26,"{'relevant': 11523, 'total': 976109}"
2024-06-27,"{'relevant': 10890, 'total': 952539}"
2024-06-28,"{'relevant': 8107, 'total': 780974}"
2024-06-29,"{'relevant': 5654, 'total': 616032}"
2024-06-30,"{'relevant': 7477, 'total': 756174}"
2024-07-01,"{'relevant': 10176, 'total': 922193}"
2024-07-02,"{'relevant': 10573, 'total': 935889}"
2024-07-03,"{'relevant': 9918, 'total': 909964}"
2024-07-04,"{'relevant': 9460, 'total': 878794}"
2024-07-05,"{'relevant': 7370, 'total': 741189}"
2024-07-06,"{'relevant': 5285, 'total': 594053}"
2024-07-07,"{'relevant': 7145, 'total': 728335}"
2024-07-08,"{'relevant': 9546, 'total': 893269}"
2024-07-09,"{'relevant': 10210, 'total': 924670}"
2024-07-10,"{'relevant': 10899, 'total': 922207}"
2024-07-11,"{'relevant': 11578, 'total': 899373}"
2024-07-12,"{'relevant': 10358, 'total': 760533}"
2024-07-13,"{'relevant': 8584, 'total': 617528}"
2024-07-14,"{'relevant': 10354, 'total': 740115}"
2024-07-15,"{'relevant': 12071, 'total': 876531}"
2024-07-16,"{'relevant': 12888, 'total': 917922}"
2024-07-17,"{'relevant': 13292, 'total': 943210}"
2024-07-18,"{'relevant': 12176, 'total': 902657}"
2024-07-19,"{'relevant': 8898, 'total': 718534}"
2024-07-20,"{'relevant': 9716, 'total': 574525}"
2024-07-21,"{'relevant': 13679, 'total': 723221}"
2024-07-22,"{'relevant': 13632, 'total': 888544}"
2024-07-23,"{'relevant': 13402, 'total': 928139}"
2024-07-24,"{'relevant': 13102, 'total': 929201}"
2024-07-25,"{'relevant': 11896, 'total': 890945}"
2024-07-26,"{'relevant': 8813, 'total': 742411}"
2024-07-27,"{'relevant': 6600, 'total': 608674}"
2024-07-28,"{'relevant': 7477, 'total': 685117}"
2024-07-29,"{'relevant': 7948, 'total': 751009}"
2024-07-30,"{'relevant': 8834, 'total': 830163}"
2024-07-31,"{'relevant': 9912, 'total': 920981}"
2024-08-01,"{'relevant': 9131, 'total': 872385}"
2024-08-02,"{'relevant': 6727, 'total': 712266}"
2024-08-03,"{'relevant': 4995, 'total': 570002}"
2024-08-04,"{'relevant': 7183, 'total': 704791}"
2024-08-05,"{'relevant': 9110, 'total': 874850}"
2024-08-06,"{'relevant': 8918, 'total': 894994}"
2024-08-07,"{'relevant': 9483, 'total': 908660}"
2024-08-08,"{'relevant': 9180, 'total': 882123}"
2024-08-09,"{'relevant': 7706, 'total': 725292}"
2024-08-10,"{'relevant': 6059, 'total': 582764}"
2024-08-11,"{'relevant': 6981, 'total': 686654}"
2024-08-12,"{'relevant': 8704, 'total': 832120}"
2024-08-13,"{'relevant': 9242, 'total': 860067}"
2024-08-14,"{'relevant': 9564, 'total': 839107}"
2024-08-15,"{'relevant': 9651, 'total': 812586}"
2024-08-16,"{'relevant': 8373, 'total': 698049}"
2024-08-17,"{'relevant': 6699, 'total': 565574}"
2024-08-18,"{'relevant': 8156, 'total': 677882}"
2024-08-19,"{'relevant': 10133, 'total': 833945}"
2024-08-20,"{'relevant': 10827, 'total': 876163}"
2024-08-21,"{'relevant': 10963, 'total': 882948}"
2024-08-22,"{'relevant': 11310, 'total': 862585}"
2024-08-23,"{'relevant': 9449, 'total': 722911}"
2024-08-24,"{'relevant': 7584, 'total': 582870}"
2024-08-25,"{'relevant': 10119, 'total': 699492}"
2024-08-26,"{'relevant': 12359, 'total': 855127}"
2024-08-27,"{'relevant': 12424, 'total': 892992}"
2024-08-28,"{'relevant': 12370, 'total': 901305}"
2024-08-29,"{'relevant': 12179, 'total': 872644}"
2024-08-30,"{'relevant': 9804, 'total': 722413}"
2024-08-31,"{'relevant': 7085, 'total': 585641}"
2024-09-01,"{'relevant': 7232, 'total': 685609}"
2024-09-02,"{'relevant': 9286, 'total': 833515}"
2024-09-03,"{'relevant': 10363, 'total': 878950}"
2024-09-04,"{'relevant': 11389, 'total': 888888}"
2024-09-05,"{'relevant': 11003, 'total': 875229}"
2024-09-06,"{'relevant': 7566, 'total': 726957}"
2024-09-07,"{'relevant': 5519, 'total': 577774}"
2024-09-08,"{'relevant': 8507, 'total': 710567}"
2024-09-09,"{'relevant': 12315, 'total': 887666}"
2024-09-10,"{'relevant': 12861, 'total': 918037}"
2024-09-11,"{'relevant': 14100, 'total': 949102}"
2024-09-12,"{'relevant': 13252, 'total': 936874}"
2024-09-13,"{'relevant': 9173, 'total': 760609}"
2024-09-14,"{'relevant': 6525, 'total': 614265}"
2024-09-15,"{'relevant': 7280, 'total': 735415}"
2024-09-16,"{'relevant': 9419, 'total': 898785}"
2024-09-17,"{'relevant': 10905, 'total': 943419}"
2024-09-18,"{'relevant': 12196, 'total': 968343}"
2024-09-19,"{'relevant': 11956, 'total': 941036}"
2024-09-20,"{'relevant': 8649, 'total': 764785}"
2024-09-21,"{'relevant': 6616, 'total': 618898}"
2024-09-22,"{'relevant': 10109, 'total': 757762}"
2024-09-23,"{'relevant': 13669, 'total': 931645}"
2024-09-24,"{'relevant': 14382, 'total': 971707}"
2024-09-25,"{'relevant': 14227, 'total': 985082}"
2024-09-26,"{'relevant': 13538, 'total': 954676}"
2024-09-27,"{'relevant': 11158, 'total': 789723}"
2024-09-28,"{'relevant': 8432, 'total': 642190}"
2024-09-29,"{'relevant': 10015, 'total': 772878}"
2024-09-30,"{'relevant': 12943, 'total': 946827}"
2024-10-01,"{'relevant': 13258, 'total': 963515}"
2024-10-02,"{'relevant': 13114, 'total': 938393}"
2024-10-03,"{'relevant': 12231, 'total': 897510}"
2024-10-04,"{'relevant': 9101, 'total': 739193}"
2024-10-05,"{'relevant': 6269, 'total': 606563}"
2024-10-06,"{'relevant': 8251, 'total': 739370}"
2024-10-07,"{'relevant': 13800, 'total': 905738}"
2024-10-08,"{'relevant': 14872, 'total': 935055}"
2024-10-09,"{'relevant': 12384, 'total': 940852}"
2024-10-10,"{'relevant': 11418, 'total': 909728}"
2024-10-11,"{'relevant': 9959, 'total': 742767}"
2024-10-12,"{'relevant': 8305, 'total': 598789}"
2024-10-13,"{'relevant': 9566, 'total': 718335}"
2024-10-14,"{'relevant': 12759, 'total': 892749}"
2024-10-15,"{'relevant': 13865, 'total': 948023}"
2024-10-16,"{'relevant': 13091, 'total': 957720}"
2024-10-17,"{'relevant': 12086, 'total': 924064}"
2024-10-18,"{'relevant': 10340, 'total': 762124}"
2024-10-19,"{'relevant': 7721, 'total': 613237}"
2024-10-20,"{'relevant': 8402, 'total': 739094}"
2024-10-21,"{'relevant': 11323, 'total': 911523}"
2024-10-22,"{'relevant': 12467, 'total': 951269}"
2024-10-23,"{'relevant': 12293, 'total': 956948}"
2024-10-24,"{'relevant': 12062, 'total': 931449}"
2024-10-25,"{'relevant': 11064, 'total': 775076}"
2024-10-26,"{'relevant': 8930, 'total': 633963}"
2024-10-27,"{'relevant': 10435, 'total': 759653}"
2024-10-28,"{'relevant': 12967, 'total': 916852}"
2024-10-29,"{'relevant': 14216, 'total': 955181}"
2024-10-30,"{'relevant': 13698, 'total': 942962}"
2024-10-31,"{'relevant': 11753, 'total': 876266}"
2024-11-01,"{'relevant': 9382, 'total': 724615}"
2024-11-02,"{'relevant': 6833, 'total': 603078}"
2024-11-03,"{'relevant': 9771, 'total': 723993}"
2024-11-04,"{'relevant': 13026, 'total': 895646}"
2024-11-05,"{'relevant': 15968, 'total': 963814}"
2024-11-06,"{'relevant': 17672, 'total': 965636}"
2024-11-07,"{'relevant': 14618, 'total': 906985}"
2024-11-08,"{'relevant': 10010, 'total': 741290}"
2024-11-09,"{'relevant': 7391, 'total': 601245}"
2024-11-10,"{'relevant': 10054, 'total': 726184}"
2024-11-11,"{'relevant': 13602, 'total': 890195}"
2024-11-12,"{'relevant': 14855, 'total': 937455}"
2024-11-13,"{'relevant': 14054, 'total': 940508}"
2024-11-14,"{'relevant': 12419, 'total': 898812}"
2024-11-15,"{'relevant': 9167, 'total': 740248}"
2024-11-16,"{'relevant': 6566, 'total': 600202}"
2024-11-17,"{'relevant': 8835, 'total': 729637}"
2024-11-18,"{'relevant': 12968, 'total': 901554}"
2024-11-19,"{'relevant': 14568, 'total': 940236}"
2024-11-20,"{'relevant': 13797, 'total': 952173}"
2024-11-21,"{'relevant': 13770, 'total': 928243}"
2024-11-22,"{'relevant': 12539, 'total': 770210}"
2024-11-23,"{'relevant': 9473, 'total': 628060}"
2024-11-24,"{'relevant': 10503, 'total': 750060}"
2024-11-25,"{'relevant': 16902, 'total': 904765}"
2024-11-26,"{'relevant': 19857, 'total': 929531}"
2024-11-27,"{'relevant': 16467, 'total': 906807}"
2024-11-28,"{'relevant': 13987, 'total': 862867}"
2024-11-29,"{'relevant': 12377, 'total': 747190}"
2024-11-30,"{'relevant': 9760, 'total': 635908}"
2024-12-01,"{'relevant': 11416, 'total': 763450}"
2024-12-02,"{'relevant': 14373, 'total': 910922}"
2024-12-03,"{'relevant': 13259, 'total': 930903}"
2024-12-04,"{'relevant': 12023, 'total': 929476}"
2024-12-05,"{'relevant': 12511, 'total': 886657}"
2024-12-06,"{'relevant': 10811, 'total': 737421}"
2024-12-07,"{'relevant': 7282, 'total': 597856}"
2024-12-08,"{'relevant': 8216, 'total': 712168}"
2024-12-09,"{'relevant': 11480, 'total': 875038}"
2024-12-10,"{'relevant': 14396, 'total': 904473}"
2024-12-11,"{'relevant': 15161, 'total': 902057}"
2024-12-12,"{'relevant': 13341, 'total': 875805}"
2024-12-13,"{'relevant': 9880, 'total': 722386}"
2024-12-14,"{'relevant': 6695, 'total': 574142}"
2024-12-15,"{'relevant': 9584, 'total': 697026}"
2024-12-16,"{'relevant': 13217, 'total': 862271}"
2024-12-17,"{'relevant': 13466, 'total': 894200}"
2024-12-18,"{'relevant': 12881, 'total': 889546}"
2024-12-19,"{'relevant': 11508, 'total': 827141}"
2024-12-20,"{'relevant': 7632, 'total': 600848}"
2024-12-21,"{'relevant': 4937, 'total': 486392}"
2024-12-22,"{'relevant': 9931, 'total': 660234}"
2024-12-23,"{'relevant': 13385, 'total': 729367}"
2024-12-24,"{'relevant': 10512, 'total': 621039}"
2024-12-25,"{'relevant': 9584, 'total': 615776}"
2024-12-26,"{'relevant': 11618, 'total': 702838}"
2024-12-27,"{'relevant': 10464, 'total': 647253}"
2024-12-28,"{'relevant': 8058, 'total': 551023}"
2024-12-29,"{'relevant': 8471, 'total': 628585}"
2024-12-30,"{'relevant': 9677, 'total': 683535}"
2024-12-31,"{'relevant': 10213, 'total': 762024}"
2025-01-01,"{'relevant': 12586, 'total': 790289}"
2025-01-02,"{'relevant': 14876, 'total': 717230}"
2025-01-03,"{'relevant': 11041, 'total': 636574}"
2025-01-04,"{'relevant': 7135, 'total': 538499}"
2025-01-05,"{'relevant': 11430, 'total': 642595}"
2025-01-06,"{'relevant': 15309, 'total': 789089}"
2025-01-07,"{'relevant': 15137, 'total': 840601}"
2025-01-08,"{'relevant': 14013, 'total': 854855}"
2025-01-09,"{'relevant': 12084, 'total': 842571}"
2025-01-10,"{'relevant': 9085, 'total': 697248}"
2025-01-11,"{'relevant': 5941, 'total': 552995}"
2025-01-12,"{'relevant': 8723, 'total': 680514}"
2025-01-13,"{'relevant': 12981, 'total': 842861}"
2025-01-14,"{'relevant': 13957, 'total': 884538}"
2025-01-15,"{'relevant': 15041, 'total': 908633}"
2025-01-16,"{'relevant': 16170, 'total': 891991}"
2025-01-17,"{'relevant': 13868, 'total': 745806}"
2025-01-18,"{'relevant': 11828, 'total': 609205}"
2025-01-19,"{'relevant': 16797, 'total': 720789}"
2025-01-20,"{'relevant': 22669, 'total': 876173}"
2025-01-21,"{'relevant': 21769, 'total': 917469}"
2025-01-22,"{'relevant': 19101, 'total': 918287}"
2025-01-23,"{'relevant': 18230, 'total': 885264}"
2025-01-24,"{'relevant': 14300, 'total': 739018}"
2025-01-25,"{'relevant': 10373, 'total': 593744}"
2025-01-26,"{'relevant': 13849, 'total': 699243}"
2025-01-27,"{'relevant': 17949, 'total': 853985}"
2025-01-28,"{'relevant': 17808, 'total': 888577}"
2025-01-29,"{'relevant': 17286, 'total': 897096}"
2025-01-30,"{'relevant': 19509, 'total': 873667}"
2025-01-31,"{'relevant': 17935, 'total': 731734}"
2025-02-01,"{'relevant': 15542, 'total': 596310}"
2025-02-02,"{'relevant': 23502, 'total': 726474}"
2025-02-03,"{'relevant': 28802, 'total': 882528}"
2025-02-04,"{'relevant': 25102, 'total': 905840}"
2025-02-05,"{'relevant': 21079, 'total': 918060}"
2025-02-06,"{'relevant': 19919, 'total': 891218}"
2025-02-07,"{'relevant': 15510, 'total': 733044}"
2025-02-08,"{'relevant': 10575, 'total': 579273}"
2025-02-09,"{'relevant': 15589, 'total': 705754}"
2025-02-10,"{'relevant': 21838, 'total': 880112}"
2025-02-11,"{'relevant': 21549, 'total': 921551}"
2025-02-12,"{'relevant': 20061, 'total': 929061}"
2025-02-13,"{'relevant': 19197, 'total': 893942}"
2025-02-14,"{'relevant': 12879, 'total': 730257}"
2025-02-15,"{'relevant': 7461, 'total': 577555}"
2025-02-16,"{'relevant': 9487, 'total': 683799}"
2025-02-17,"{'relevant': 13373, 'total': 841162}"
2025-02-18,"{'relevant': 16277, 'total': 888379}"
2025-02-19,"{'relevant': 19139, 'total': 900694}"
2025-02-20,"{'relevant': 19579, 'total': 874432}"
2025-02-21,"{'relevant': 15881, 'total': 733993}"
2025-02-22,"{'relevant': 12638, 'total': 608267}"
2025-02-23,"{'relevant': 14664, 'total': 729020}"
2025-02-24,"{'relevant': 18017, 'total': 875792}"
2025-02-25,"{'relevant': 19412, 'total': 903585}"
2025-02-26,"{'relevant': 21712, 'total': 918485}"
2025-02-27,"{'relevant': 24862, 'total': 907165}"
2025-02-28,"{'relevant': 20153, 'total': 760466}"
2025-03-01,"{'relevant': 12921, 'total': 603376}"
2025-03-02,"{'relevant': 16257, 'total': 704278}"
2025-03-03,"{'relevant': 25807, 'total': 852031}"
2025-03-04,"{'relevant': 32562, 'total': 896635}"
2025-03-05,"{'relevant': 30901, 'total': 915696}"
2025-03-06,"{'relevant': 26470, 'total': 890713}"
2025-03-07,"{'relevant': 18433, 'total': 736402}"
2025-03-08,"{'relevant': 12450, 'total': 587503}"
2025-03-09,"{'relevant': 16854, 'total': 711963}"
2025-03-10,"{'relevant': 25216, 'total': 878604}"
2025-03-11,"{'relevant': 29726, 'total': 905618}"
2025-03-12,"{'relevant': 27745, 'total': 905511}"
2025-03-13,"{'relevant': 24300, 'total': 875254}"
2025-03-14,"{'relevant': 16530, 'total': 712015}"
2025-03-15,"{'relevant': 10283, 'total': 570619}"
2025-03-16,"{'relevant': 15044, 'total': 699332}"
2025-03-17,"{'relevant': 20515, 'total': 859419}"
2025-03-18,"{'relevant': 22817, 'total': 884664}"
2025-03-19,"{'relevant': 23878, 'total': 885355}"
2025-03-20,"{'relevant': 22227, 'total': 860395}"
2025-03-21,"{'relevant': 16970, 'total': 708590}"
2025-03-22,"{'relevant': 13658, 'total': 569441}"
2025-03-23,"{'relevant': 18564, 'total': 698164}"
2025-03-24,"{'relevant': 22814, 'total': 858183}"
2025-03-25,"{'relevant': 24568, 'total': 889504}"
2025-03-26,"{'relevant': 30208, 'total': 905893}"
2025-03-27,"{'relevant': 31422, 'total': 888522}"
2025-03-28,"{'relevant': 21276, 'total': 726366}"
2025-03-29,"{'relevant': 14127, 'total': 570714}"
2025-03-30,"{'relevant': 19764, 'total': 676761}"
2025-03-31,"{'relevant': 26861, 'total': 826064}"
2025-04-01,"{'relevant': 29809, 'total': 855491}"
2025-04-02,"{'relevant': 39697, 'total': 861499}"
2025-04-03,"{'relevant': 44984, 'total': 848113}"
2025-04-04,"{'relevant': 30103, 'total': 702477}"
2025-04-05,"{'relevant': 17735, 'total': 563836}"
2025-04-06,"{'relevant': 28667, 'total': 690010}"
2025-04-07,"{'relevant': 40745, 'total': 858209}"
2025-04-08,"{'relevant': 44526, 'total': 898211}"
2025-04-09,"{'relevant': 45071, 'total': 903069}"
2025-04-10,"{'relevant': 39193, 'total': 870653}"
2025-04-11,"{'relevant': 26579, 'total': 711932}"
2025-04-12,"{'relevant': 16939, 'total': 574454}"
2025-04-13,"{'relevant': 24091, 'total': 702290}"
2025-04-14,"{'relevant': 32608, 'total': 861312}"
2025-04-15,"{'relevant': 35638, 'total': 897706}"
2025-04-16,"{'relevant': 35883, 'total': 886884}"
2025-04-17,"{'relevant': 29830, 'total': 790541}"
2025-04-18,"{'relevant': 19703, 'total': 640125}"
2025-04-19,"{'relevant': 12665, 'total': 541143}"
2025-04-20,"{'relevant': 17008, 'total': 633525}"
2025-04-21,"{'relevant': 25366, 'total': 801466}"
2025-04-22,"{'relevant': 28797, 'total': 868853}"
2025-04-23,"{'relevant': 31316, 'total': 885140}"
2025-04-24,"{'relevant': 28119, 'total': 855212}"
2025-04-25,"{'relevant': 17412, 'total': 704861}"
2025-04-26,"{'relevant': 10721, 'total': 569470}"
2025-04-27,"{'relevant': 17120, 'total': 688269}"
2025-04-28,"{'relevant': 29237, 'total': 856385}"
2025-04-29,"{'relevant': 31587, 'total': 890074}"
2025-04-30,"{'relevant': 28091, 'total': 813396}"
2025-05-01,"{'relevant': 25289, 'total': 752896}"
2025-05-02,"{'relevant': 17997, 'total': 674012}"
2025-05-03,"{'relevant': 11939, 'total': 564725}"
2025-05-04,"{'relevant': 18641, 'total': 682971}"
2025-05-05,"{'relevant': 28203, 'total': 837714}"
2025-05-06,"{'relevant': 28680, 'total': 872913}"
2025-05-07,"{'relevant': 27875, 'total': 883023}"
2025-05-08,"{'relevant': 28055, 'total': 854409}"
2025-05-09,"{'relevant': 19209, 'total': 701822}"
2025-05-10,"{'relevant': 12077, 'total': 570600}"
2025-05-11,"{'relevant': 19718, 'total': 698863}"
2025-05-12,"{'relevant': 27554, 'total': 864332}"
2025-05-13,"{'relevant': 28399, 'total': 895097}"
2025-05-14,"{'relevant': 28663, 'total': 892706}"
2025-05-15,"{'relevant': 26630, 'total': 863021}"
2025-05-16,"{'relevant': 18340, 'total': 714984}"
2025-05-17,"{'relevant': 13122, 'total': 585011}"
2025-05-18,"{'relevant': 17920, 'total': 718927}"
2025-05-19,"{'relevant': 24067, 'total': 878175}"
2025-05-20,"{'relevant': 27256, 'total': 897876}"
2025-05-21,"{'relevant': 27387, 'total': 892213}"
2025-05-22,"{'relevant': 26406, 'total': 858918}"
2025-05-23,"{'relevant': 20832, 'total': 705418}"
2025-05-24,"{'relevant': 14396, 'total': 563589}"
2025-05-25,"{'relevant': 16022, 'total': 662505}"
2025-05-26,"{'relevant': 21617, 'total': 823809}"
2025-05-27,"{'relevant': 26288, 'total': 878079}"
2025-05-28,"{'relevant': 29845, 'total': 862543}"
2025-05-29,"{'relevant': 29370, 'total': 827452}"
2025-05-30,"{'relevant': 19313, 'total': 688679}"
2025-05-31,"{'relevant': 12207, 'total': 562962}"
2025-06-01,"{'relevant': 16804, 'total': 674572}"
2025-06-02,"{'relevant': 21168, 'total': 799416}"
2025-06-03,"{'relevant': 23598, 'total': 817184}"
2025-06-04,"{'relevant': 25960, 'total': 821253}"
2025-06-05,"{'relevant': 24981, 'total': 781084}"
2025-06-06,"{'relevant': 16645, 'total': 619053}"
2025-06-07,"{'relevant': 9532, 'total': 483559}"
2025-06-08,"{'relevant': 15690, 'total': 609917}"
2025-06-09,"{'relevant': 19584, 'total': 778317}"
2025-06-10,"{'relevant': 19645, 'total': 815594}"
2025-06-11,"{'relevant': 20849, 'total': 810796}"
2025-06-12,"{'relevant': 17854, 'total': 786466}"
2025-06-13,"{'relevant': 11331, 'total': 645924}"
2025-06-14,"{'relevant': 6741, 'total': 505182}"
2025-06-15,"{'relevant': 10816, 'total': 625469}"
2025-06-16,"{'relevant': 15715, 'total': 789057}"
2025-06-17,"{'relevant': 17953, 'total': 823908}"
2025-06-18,"{'relevant': 17554, 'total': 794869}"
2025-06-19,"{'relevant': 17206, 'total': 748196}"
2025-06-20,"{'relevant': 13370, 'total': 616897}"
2025-06-21,"{'relevant': 7792, 'total': 501183}"
2025-06-22,"{'relevant': 10204, 'total': 632442}"
2025-06-23,"{'relevant': 13901, 'total': 782429}"
2025-06-24,"{'relevant': 19009, 'total': 828936}"
2025-06-25,"{'relevant': 20031, 'total': 836209}"
2025-06-26,"{'relevant': 19725, 'total': 793040}"
2025-06-27,"{'relevant': 15759, 'total': 640559}"
2025-06-28,"{'relevant': 9518, 'total': 503914}"
2025-06-29,"{'relevant': 12770, 'total': 633889}"
2025-06-30,"{'relevant': 16250, 'total': 797820}"
2025-07-01,"{'relevant': 18874, 'total': 817453}"
2025-07-02,"{'relevant': 20451, 'total': 811934}"
2025-07-03,"{'relevant': 18528, 'total': 762171}"
2025-07-04,"{'relevant': 13085, 'total': 608938}"
2025-07-05,"{'relevant': 9851, 'total': 488360}"
2025-07-06,"{'relevant': 16482, 'total': 607525}"
2025-07-07,"{'relevant': 23023, 'total': 772535}"
2025-07-08,"{'relevant': 25798, 'total': 805923}"
2025-07-09,"{'relevant': 26258, 'total': 808298}"
2025-07-10,"{'relevant': 25072, 'total': 776681}"
2025-07-11,"{'relevant': 18448, 'total': 624921}"
2025-07-12,"{'relevant': 12172, 'total': 495830}"
2025-07-13,"{'relevant': 19233, 'total': 629434}"
2025-07-14,"{'relevant': 25978, 'total': 775731}"
2025-07-15,"{'relevant': 25446, 'total': 787423}"
2025-07-16,"{'relevant': 23638, 'total': 795747}"
2025-07-17,"{'relevant': 21821, 'total': 769859}"
2025-07-18,"{'relevant': 15148, 'total': 622835}"
2025-07-19,"{'relevant': 10115, 'total': 495776}"
2025-07-20,"{'relevant': 15921, 'total': 612482}"
2025-07-21,"{'relevant': 21829, 'total': 761509}"
2025-07-22,"{'relevant': 25137, 'total': 792131}"
2025-07-23,"{'relevant': 26973, 'total': 799274}"
2025-07-24,"{'relevant': 24444, 'total': 766745}"
2025-07-25,"{'relevant': 16276, 'total': 619934}"
2025-07-26,"{'relevant': 11715, 'total': 496505}"
2025-07-27,"{'relevant': 18457, 'total': 612390}"
2025-07-28,"{'relevant': 25443, 'total': 766422}"
2025-07-29,"{'relevant': 29403, 'total': 805898}"
2025-07-30,"{'relevant': 31982, 'total': 807138}"
2025-07-31,"{'relevant': 31906, 'total': 778934}"
2025-08-01,"{'relevant': 21181, 'total': 627671}"
2025-08-02,"{'relevant': 11119, 'total': 487676}"
2025-08-03,"{'relevant': 16166, 'total': 600345}"
2025-08-04,"{'relevant': 22793, 'total': 745865}"
2025-08-05,"{'relevant': 27359, 'total': 777337}"
2025-08-06,"{'relevant': 31512, 'total': 779628}"
2025-08-07,"{'relevant': 29300, 'total': 752623}"
2025-08-08,"{'relevant': 19178, 'total': 612683}"
2025-08-09,"{'relevant': 12004, 'total': 486699}"
2025-08-10,"{'relevant': 15766, 'total': 598677}"
2025-08-11,"{'relevant': 22224, 'total': 739910}"
2025-08-12,"{'relevant': 23444, 'total': 766925}"
2025-08-13,"{'relevant': 21412, 'total': 767348}"
2025-08-14,"{'relevant': 21334, 'total': 713222}"
2025-08-15,"{'relevant': 16535, 'total': 581574}"
2025-08-16,"{'relevant': 10689, 'total': 486958}"
2025-08-17,"{'relevant': 12855, 'total': 603895}"
2025-08-18,"{'relevant': 16149, 'total': 745888}"
2025-08-19,"{'relevant': 20009, 'total': 764591}"
2025-08-20,"{'relevant': 22844, 'total': 772325}"
2025-08-21,"{'relevant': 22536, 'total': 755147}"
2025-08-22,"{'relevant': 16374, 'total': 617525}"
2025-08-23,"{'relevant': 10767, 'total': 491374}"
2025-08-24,"{'relevant': 14378, 'total': 605567}"
2025-08-25,"{'relevant': 18762, 'total': 752760}"
2025-08-26,"{'relevant': 22005, 'total': 783087}"
2025-08-27,"{'relevant': 23517, 'total': 789067}"
2025-08-28,"{'relevant': 22676, 'total': 766527}"
2025-08-29,"{'relevant': 17333, 'total': 629445}"

